physician_name,physician_id,physician_dob,physician_grad_year,medical_school,salary
Joseph Johnson,0,1970-02-22,2000-02-22,Johns Hopkins University School of Medicine,309534.155076057
Jason Williams,1,1982-12-22,2012-12-22,Mayo Clinic Alix School of Medicine,281114.503558528
Jesse Gordon,2,1959-06-03,1989-06-03,David Geffen School of Medicine at UCLA,305845.584636055
Heather Smith,3,1965-06-15,1995-06-15,NYU Grossman Medical School,295239.766688681
Kayla Hunter DDS,4,1978-10-19,2008-10-19,David Geffen School of Medicine at UCLA,298751.355201225
Christopher Jordan,5,1989-11-04,2019-11-04,NYU Grossman Medical School,316681.699434866
Elaine Medina,6,1957-12-24,1987-12-24,Baylor College of Medicine,283743.026268344
Donna Mcintyre,7,1987-03-12,2017-03-12,Perelman School of Medicine (University of Pennsylvania),319166.731378103
Richard Tucker,8,1983-04-02,2013-04-02,Perelman School of Medicine (University of Pennsylvania),347019.235999169
Kimberly Oliver,9,1989-06-02,2019-06-02,Stanford University School of Medicine,310293.272488553
Christopher Williamson,10,1974-01-22,2004-01-22,"University of California, San Francisco School of Medicine",276537.129441826
Cory Campbell,11,1988-11-08,2018-11-08,Stanford University School of Medicine,281549.459659806
Cathy Church,12,1951-12-30,1981-12-30,NYU Grossman Medical School,292552.112976447
Kristopher Wiley Jr.,13,1951-11-30,1981-11-30,Yale School of Medicine,282153.291087913
Denise Chavez,14,1969-09-04,1999-09-04,Columbia University Vagelos College of Physicians and Surgeons,270264.590711699
Jason Merritt,15,1989-09-25,2019-09-25,Johns Hopkins University School of Medicine,304632.218308851
Jacqueline Mcneil DVM,16,1988-02-14,2018-02-14,Columbia University Vagelos College of Physicians and Surgeons,293364.080048226
Veronica Moore,17,1970-04-06,2000-04-06,University of Chicago Pritzker School of Medicine,305691.626506742
Steven Watson,18,1961-06-03,1991-06-03,Columbia University Vagelos College of Physicians and Surgeons,335591.622366459
Ryan Brown,19,1961-12-09,1991-12-09,Harvard Medical School,292909.414982269
Ashley Pena,20,1956-11-07,1986-11-07,Columbia University Vagelos College of Physicians and Surgeons,264437.399859591
Erin Grimes,21,1965-01-08,1995-01-08,Stanford University School of Medicine,288033.225232394
Kimberly Johnson,22,1972-10-27,2002-10-27,Mayo Clinic Alix School of Medicine,323112.756513499
Tyler Lopez,23,1962-04-19,1992-04-19,University of Texas Southwestern Medical School,320303.108121509
Karen Clark,24,1980-06-22,2010-06-22,Mayo Clinic Alix School of Medicine,315559.189428407
Abigail Fuller,25,1970-12-13,2000-12-13,Perelman School of Medicine (University of Pennsylvania),281258.798305137
Ryan Vasquez,26,1953-03-13,1983-03-13,University of Texas Southwestern Medical School,322557.078540981
Lisa Wilkinson,27,1952-11-28,1982-11-28,University of Michigan Medical School,329306.972341112
Jason Little,28,1980-08-05,2010-08-05,Johns Hopkins University School of Medicine,279137.351103301
Heather Smith,29,1962-12-13,1992-12-13,Johns Hopkins University School of Medicine,298752.897073724
Denise Perez,30,1975-08-06,2005-08-06,Harvard Medical School,360612.058910463
Joseph Roman,31,1964-08-09,1994-08-09,Yale School of Medicine,277803.771706098
Elizabeth Beck,32,1974-06-08,2004-06-08,Stanford University School of Medicine,248847.399922688
Deborah Wright,33,1961-11-09,1991-11-09,Perelman School of Medicine (University of Pennsylvania),341487.133033944
Renee Hicks,34,1968-08-15,1998-08-15,Baylor College of Medicine,334098.143151137
Keith Reed,35,1963-04-09,1993-04-09,University of Chicago Pritzker School of Medicine,286290.980292677
Beverly Jordan,36,1968-06-06,1998-06-06,Yale School of Medicine,296610.246543957
Ronald Hernandez Jr.,37,1992-01-29,2022-01-29,Johns Hopkins University School of Medicine,263251.948494331
Colleen Ward,38,1956-12-14,1986-12-14,Mayo Clinic Alix School of Medicine,302668.568178291
Lauren Rojas,39,1969-04-27,1999-04-27,Columbia University Vagelos College of Physicians and Surgeons,334977.411461142
Logan Diaz,40,1981-07-13,2011-07-13,Columbia University Vagelos College of Physicians and Surgeons,283721.854747252
Joshua Jenkins,41,1981-06-20,2011-06-20,University of Michigan Medical School,326313.059363589
Joyce Brown,42,1954-03-23,1984-03-23,Perelman School of Medicine (University of Pennsylvania),313911.715721713
Christina Richards,43,1988-03-26,2018-03-26,Stanford University School of Medicine,317334.506726434
Ryan Curry,44,1967-04-15,1997-04-15,Stanford University School of Medicine,285470.724582409
Lauren Williams,45,1987-10-21,2017-10-21,"University of California, San Francisco School of Medicine",289361.274511995
Nathan Fischer,46,1976-03-25,2006-03-25,NYU Grossman Medical School,244596.826965858
Tanya Sharp,47,1973-10-18,2003-10-18,Washington University in St. Louis School of Medicine,282999.917624697
Amber Thomas,48,1970-07-09,2000-07-09,Johns Hopkins University School of Medicine,334904.563740938
Alan Watkins,49,1961-10-22,1991-10-22,Stanford University School of Medicine,272120.034176932
Derek Phillips,50,1953-08-17,1983-08-17,University of Michigan Medical School,276590.950384293
Patricia Quinn,51,1958-08-08,1988-08-08,Mayo Clinic Alix School of Medicine,319205.694711214
Brian Rivera,52,1954-12-16,1984-12-16,Perelman School of Medicine (University of Pennsylvania),312083.048759793
Raymond Berry,53,1968-01-15,1998-01-15,University of Chicago Pritzker School of Medicine,320695.897493889
Sabrina Rodriguez,54,1964-07-07,1994-07-07,"University of California, San Francisco School of Medicine",265103.383797288
Tonya Warner,55,1992-05-25,2022-05-25,University of Michigan Medical School,376921.73847901
Lori Burns,56,1982-01-27,2012-01-27,David Geffen School of Medicine at UCLA,263527.398774983
Michael Olson,57,1963-01-01,1993-01-01,Harvard Medical School,304627.419412022
Jesse Hall,58,1975-11-01,2005-11-01,University of Chicago Pritzker School of Medicine,295240.335123942
Jonathan Lucas,59,1960-02-27,1990-02-27,NYU Grossman Medical School,264400.754479049
Jenna Taylor,60,1985-11-29,2015-11-29,David Geffen School of Medicine at UCLA,288893.717315603
Denise Murray,61,1976-03-21,2006-03-21,Baylor College of Medicine,300699.228026576
Stephanie Vargas,62,1977-10-16,2007-10-16,NYU Grossman Medical School,280500.803644096
Gabrielle Pitts,63,1967-11-18,1997-11-18,Columbia University Vagelos College of Physicians and Surgeons,328116.708646046
Breanna Cruz,64,1977-11-23,2007-11-23,Harvard Medical School,295151.227636126
Dean Hart,65,1990-03-15,2020-03-15,Johns Hopkins University School of Medicine,259761.759869451
Kim Gray,66,1951-05-20,1981-05-20,Mayo Clinic Alix School of Medicine,257216.234019921
Jonathan Decker,67,1953-04-29,1983-04-29,Harvard Medical School,318184.952718344
Scott Barton,68,1954-03-12,1984-03-12,NYU Grossman Medical School,255396.87651899
Terry Leon,69,1952-04-03,1982-04-03,Washington University in St. Louis School of Medicine,309492.782191473
Gerald Smith,70,1963-10-09,1993-10-09,David Geffen School of Medicine at UCLA,313339.655570009
Jennifer Baldwin MD,71,1986-10-07,2016-10-07,Johns Hopkins University School of Medicine,270139.33908228
Amy Smith,72,1955-10-07,1985-10-07,University of Texas Southwestern Medical School,326722.142513247
Carmen Larsen,73,1959-12-07,1989-12-07,Washington University in St. Louis School of Medicine,248466.191287151
Robert Pratt,74,1985-07-08,2015-07-08,Columbia University Vagelos College of Physicians and Surgeons,308893.768019957
David Lopez,75,1955-01-27,1985-01-27,Washington University in St. Louis School of Medicine,298774.26199212
Miguel Davidson,76,1963-06-12,1993-06-12,"University of California, San Francisco School of Medicine",296430.060728073
Zachary Campbell,77,1980-02-16,2010-02-16,"University of California, San Francisco School of Medicine",264663.100710583
Dr. Parker Joseph,78,1987-11-26,2017-11-26,Baylor College of Medicine,271889.339868002
Catherine Haynes,79,1982-01-17,2012-01-17,NYU Grossman Medical School,348564.060750618
John Johnson,80,1993-02-25,2023-02-25,Perelman School of Medicine (University of Pennsylvania),336454.650266153
Casey Reyes,81,1966-12-13,1996-12-13,University of Chicago Pritzker School of Medicine,322262.537655714
Rebecca Wallace,82,1965-06-16,1995-06-16,University of Chicago Pritzker School of Medicine,328195.443105891
Kayla Lawson,83,1976-04-02,2006-04-02,University of Texas Southwestern Medical School,325380.406340138
Zachary Turner,84,1982-05-22,2012-05-22,University of Texas Southwestern Medical School,290299.313631414
Jesus Snyder,85,1972-01-19,2002-01-19,Johns Hopkins University School of Medicine,301428.106554431
Kyle Nichols,86,1959-02-13,1989-02-13,Columbia University Vagelos College of Physicians and Surgeons,255824.74865877
Nancy Nichols,87,1973-09-19,2003-09-19,Stanford University School of Medicine,297309.131195774
Andrew King,88,1969-06-24,1999-06-24,Baylor College of Medicine,335502.427486176
Bryan Jones,89,1986-06-24,2016-06-24,"University of California, San Francisco School of Medicine",280178.782552286
Jordan Sparks,90,1953-09-15,1983-09-15,Johns Hopkins University School of Medicine,330694.236140617
Madison Hardin,91,1980-01-19,2010-01-19,Stanford University School of Medicine,302747.572160813
Doris Rodriguez,92,1980-03-07,2010-03-07,University of Chicago Pritzker School of Medicine,258438.844029908
Jose Carroll,93,1951-10-30,1981-10-30,Perelman School of Medicine (University of Pennsylvania),266780.414599611
Johnny White MD,94,1975-07-26,2005-07-26,Washington University in St. Louis School of Medicine,327579.086091233
Karen Collier,95,1987-05-26,2017-05-26,"University of California, San Francisco School of Medicine",316575.722557752
Julie Zimmerman,96,1960-03-08,1990-03-08,Johns Hopkins University School of Medicine,303052.922189629
Timothy Martinez,97,1970-06-28,2000-06-28,Harvard Medical School,291779.045572562
Jennifer Walker,98,1951-06-24,1981-06-24,Stanford University School of Medicine,306317.039328858
Joel Copeland,99,1963-08-05,1993-08-05,Washington University in St. Louis School of Medicine,326408.887477597
Lisa Brewer,100,1963-03-29,1993-03-29,"University of California, San Francisco School of Medicine",344275.598414619
Edward Miller,101,1966-07-18,1996-07-18,University of Chicago Pritzker School of Medicine,345710.525983218
Leslie Williams,102,1990-08-16,2020-08-16,University of Michigan Medical School,311158.797022755
Miss Maria King,103,1970-01-08,2000-01-08,Columbia University Vagelos College of Physicians and Surgeons,294842.049289064
Kristin Phillips,104,1964-07-26,1994-07-26,Stanford University School of Medicine,304387.440234566
Maria Thompson,105,1986-03-09,2016-03-09,University of Chicago Pritzker School of Medicine,315663.610717652
Mark Vang,106,1957-08-11,1987-08-11,"University of California, San Francisco School of Medicine",315542.008315353
Elizabeth Henderson,107,1954-05-01,1984-05-01,Stanford University School of Medicine,339239.599114203
Troy Wilson,108,1984-09-16,2014-09-16,Baylor College of Medicine,363472.6716575
Candice Manning,109,1965-08-23,1995-08-23,Washington University in St. Louis School of Medicine,293842.361111577
Deborah Sampson,110,1963-02-26,1993-02-26,Yale School of Medicine,364676.547264734
Joshua Martinez,111,1977-10-02,2007-10-02,"University of California, San Francisco School of Medicine",335167.177402752
Ronald Taylor,112,1950-01-10,1980-01-10,Baylor College of Medicine,296975.310294444
Rebecca Mckinney,113,1964-01-12,1994-01-12,David Geffen School of Medicine at UCLA,344956.945165952
Crystal Wallace,114,1952-10-12,1982-10-12,Johns Hopkins University School of Medicine,350569.449042575
Katrina Torres,115,1956-01-03,1986-01-03,University of Michigan Medical School,286191.136674185
Michael Watson,116,1973-01-15,2003-01-15,University of Texas Southwestern Medical School,351966.457574569
Natalie Browning,117,1987-02-06,2017-02-06,Washington University in St. Louis School of Medicine,332252.484631079
Todd Mccormick,118,1989-09-25,2019-09-25,Stanford University School of Medicine,371056.773839376
Christopher Zhang,119,1961-05-21,1991-05-21,Columbia University Vagelos College of Physicians and Surgeons,287278.842540015
Maurice Lane,120,1969-01-31,1999-01-31,University of Chicago Pritzker School of Medicine,289397.19768792
Emily Lucas,121,1968-12-30,1998-12-30,University of Texas Southwestern Medical School,239200.1361077
Matthew Marks,122,1987-09-16,2017-09-16,Harvard Medical School,317135.817617039
Linda Morris,123,1978-04-28,2008-04-28,University of Chicago Pritzker School of Medicine,311257.537668562
Christy Huff,124,1969-11-23,1999-11-23,Stanford University School of Medicine,283110.18985393
Anthony Lynch,125,1973-10-29,2003-10-29,University of Michigan Medical School,297544.478055358
Jessica Rodriguez,126,1951-01-20,1981-01-20,NYU Grossman Medical School,260663.369694747
Rick Herrera,127,1951-02-09,1981-02-09,University of Chicago Pritzker School of Medicine,335953.348584951
Kathleen Evans,128,1972-05-20,2002-05-20,NYU Grossman Medical School,285309.015764151
Dustin Perez,129,1991-07-03,2021-07-03,Johns Hopkins University School of Medicine,392821.470468629
Charles Kim,130,1984-12-11,2014-12-11,University of Michigan Medical School,294731.960978669
Justin Anderson,131,1976-12-30,2006-12-30,"University of California, San Francisco School of Medicine",277211.434768551
Louis Sullivan,132,1966-05-26,1996-05-26,Baylor College of Medicine,287630.606437954
Samuel Hill,133,1991-05-12,2021-05-12,Harvard Medical School,257641.170703672
Rhonda Diaz,134,1959-12-16,1989-12-16,Mayo Clinic Alix School of Medicine,314468.156721088
Melissa Garrett,135,1979-11-21,2009-11-21,Stanford University School of Medicine,287403.009006626
Alexis Hutchinson,136,1963-03-03,1993-03-03,Perelman School of Medicine (University of Pennsylvania),333937.583711932
Samantha Barrett,137,1986-11-04,2016-11-04,Mayo Clinic Alix School of Medicine,291757.575144767
Melissa Paul,138,1992-04-14,2022-04-14,University of Chicago Pritzker School of Medicine,341533.263350569
Angelica Houston,139,1966-06-03,1996-06-03,University of Texas Southwestern Medical School,322723.672479511
Joseph Jones,140,1955-08-11,1985-08-11,Stanford University School of Medicine,300857.90330155
Miguel Stout,141,1983-10-13,2013-10-13,Baylor College of Medicine,347406.977620525
Andrew James,142,1962-06-11,1992-06-11,David Geffen School of Medicine at UCLA,328568.803831116
Russell Morris,143,1963-08-17,1993-08-17,Baylor College of Medicine,388386.384799897
David Hicks,144,1984-12-23,2014-12-23,Perelman School of Medicine (University of Pennsylvania),287716.342650654
Michael Miranda,145,1977-06-03,2007-06-03,Harvard Medical School,302298.483163754
Shawn Ellis,146,1959-05-13,1989-05-13,Baylor College of Medicine,347061.270330328
Lauren Williams,147,1989-07-05,2019-07-05,Columbia University Vagelos College of Physicians and Surgeons,253693.865644947
Jennifer Mccall,148,1969-10-27,1999-10-27,David Geffen School of Medicine at UCLA,339508.306896977
Erik Guerrero,149,1989-09-02,2019-09-02,Mayo Clinic Alix School of Medicine,313179.082730444
Kerry Hart,150,1978-05-11,2008-05-11,"University of California, San Francisco School of Medicine",273353.677336583
Kyle Campbell,151,1961-12-12,1991-12-12,Johns Hopkins University School of Medicine,259108.810243466
Tamara Potter,152,1977-11-11,2007-11-11,Columbia University Vagelos College of Physicians and Surgeons,279825.315806092
Tracy Garza,153,1973-01-27,2003-01-27,Yale School of Medicine,231455.412830233
Mr. Justin Bryant,154,1973-06-29,2003-06-29,David Geffen School of Medicine at UCLA,285313.816689255
Richard Miller,155,1963-04-21,1993-04-21,"University of California, San Francisco School of Medicine",318676.690000278
Melissa Conway,156,1977-06-28,2007-06-28,"University of California, San Francisco School of Medicine",285710.980770935
Jessica Cain,157,1991-10-07,2021-10-07,Stanford University School of Medicine,341649.381043014
Christopher Stanley,158,1981-05-28,2011-05-28,David Geffen School of Medicine at UCLA,349798.428081759
Roger Craig,159,1953-06-06,1983-06-06,Harvard Medical School,338269.334478773
Yvonne Jacobs,160,1969-02-26,1999-02-26,University of Chicago Pritzker School of Medicine,306919.227307931
Teresa Frost,161,1983-05-01,2013-05-01,Perelman School of Medicine (University of Pennsylvania),230259.621825406
Andrew Bates,162,1962-10-18,1992-10-18,Yale School of Medicine,278889.075239022
Eric Marquez,163,1993-03-17,2023-03-17,Perelman School of Medicine (University of Pennsylvania),295738.844196768
Michael Bates,164,1985-09-25,2015-09-25,Mayo Clinic Alix School of Medicine,273183.970514856
Jessica Anderson,165,1968-11-03,1998-11-03,Mayo Clinic Alix School of Medicine,295814.835735403
William Bailey,166,1969-01-10,1999-01-10,Perelman School of Medicine (University of Pennsylvania),348302.024060801
Johnny Morgan,167,1976-01-26,2006-01-26,Baylor College of Medicine,250626.70411454
Rachel Oneill,168,1971-12-14,2001-12-14,Harvard Medical School,354350.761683571
Crystal Cruz,169,1969-01-02,1999-01-02,NYU Grossman Medical School,326541.792652624
Tiffany Hodges,170,1977-12-14,2007-12-14,Baylor College of Medicine,308046.504248331
Sarah Gardner,171,1976-02-24,2006-02-24,University of Texas Southwestern Medical School,278591.503327777
Benjamin Stevens,172,1962-09-12,1992-09-12,Baylor College of Medicine,273781.489635257
Tony Mason,173,1963-04-17,1993-04-17,Johns Hopkins University School of Medicine,251213.468562338
Courtney Walton,174,1978-04-04,2008-04-04,Washington University in St. Louis School of Medicine,351502.964409432
Catherine Howard,175,1963-05-25,1993-05-25,University of Chicago Pritzker School of Medicine,346128.346802221
Scott Scott,176,1969-04-14,1999-04-14,Johns Hopkins University School of Medicine,257811.461142502
April Shea,177,1961-05-27,1991-05-27,Stanford University School of Medicine,283421.160152814
Derrick Krause,178,1971-09-29,2001-09-29,Washington University in St. Louis School of Medicine,312994.343076957
Elizabeth White,179,1989-05-24,2019-05-24,Washington University in St. Louis School of Medicine,291014.725854834
Patrick Williams,180,1965-04-01,1995-04-01,David Geffen School of Medicine at UCLA,242439.757289045
Kelsey Dillon,181,1961-10-10,1991-10-10,Harvard Medical School,280266.817183329
Jamie Fisher,182,1967-03-02,1997-03-02,Harvard Medical School,358531.028940601
Tamara Potter,183,1960-06-15,1990-06-15,Washington University in St. Louis School of Medicine,282300.642287567
Beth Hall,184,1982-11-24,2012-11-24,University of Texas Southwestern Medical School,295095.979898934
Derek Edwards,185,1983-07-01,2013-07-01,Baylor College of Medicine,265644.677278939
Tara Payne,186,1967-02-15,1997-02-15,David Geffen School of Medicine at UCLA,317632.889558512
Carla Miller,187,1970-02-15,2000-02-15,University of Chicago Pritzker School of Medicine,303454.553970738
Angela Vance,188,1991-07-28,2021-07-28,Washington University in St. Louis School of Medicine,277739.407753291
Jon Prince,189,1967-01-30,1997-01-30,Columbia University Vagelos College of Physicians and Surgeons,260860.338125777
Sally Jones,190,1966-09-04,1996-09-04,Mayo Clinic Alix School of Medicine,342136.301220326
Sean Best,191,1981-11-11,2011-11-11,Mayo Clinic Alix School of Medicine,251833.697800768
Lisa Esparza,192,1984-08-17,2014-08-17,Johns Hopkins University School of Medicine,315114.470867687
Kelly Scott MD,193,1977-02-19,2007-02-19,Stanford University School of Medicine,235383.622658653
Steven Rivera,194,1973-03-13,2003-03-13,University of Michigan Medical School,321216.350490371
John Novak,195,1958-12-11,1988-12-11,University of Michigan Medical School,329108.966617802
Connie Tucker,196,1951-10-29,1981-10-29,Mayo Clinic Alix School of Medicine,332843.511349197
Barbara Warner,197,1961-06-20,1991-06-20,NYU Grossman Medical School,295163.745942904
Laura Garrett,198,1977-10-27,2007-10-27,"University of California, San Francisco School of Medicine",347520.108166911
Sarah Brewer,199,1980-12-23,2010-12-23,Johns Hopkins University School of Medicine,369233.750849882
Kevin Warner,200,1985-04-18,2015-04-18,University of Michigan Medical School,290351.305918621
Heather Anderson,201,1963-01-30,1993-01-30,Mayo Clinic Alix School of Medicine,286469.849096102
Kyle Vasquez,202,1960-09-05,1990-09-05,Stanford University School of Medicine,304475.317810348
Robert Chen,203,1987-07-22,2017-07-22,University of Michigan Medical School,285669.595623174
Karen Klein,204,1969-02-11,1999-02-11,Baylor College of Medicine,281283.894119696
James Mckinney,205,1967-06-17,1997-06-17,Baylor College of Medicine,283897.843792755
Joe Mendoza,206,1977-10-26,2007-10-26,Harvard Medical School,351472.680240187
Sarah Lane,207,1988-09-02,2018-09-02,University of Texas Southwestern Medical School,323156.459851063
Erica George,208,1994-07-31,2024-07-31,Harvard Medical School,285571.616182257
Katie Huber,209,1978-09-19,2008-09-19,University of Chicago Pritzker School of Medicine,226346.249228331
Steven Smith,210,1964-05-07,1994-05-07,Washington University in St. Louis School of Medicine,253666.065191806
Allison Steele,211,1978-08-15,2008-08-15,Columbia University Vagelos College of Physicians and Surgeons,315102.872478056
Erika Ingram,212,1978-09-09,2008-09-09,Harvard Medical School,236353.321758335
Ann Joseph,213,1983-12-08,2013-12-08,Yale School of Medicine,308789.805823559
Amy Daniels,214,1962-02-19,1992-02-19,University of Michigan Medical School,268033.088254049
Meagan Herrera,215,1987-02-24,2017-02-24,NYU Grossman Medical School,302754.17323742
David Lopez,216,1988-10-26,2018-10-26,David Geffen School of Medicine at UCLA,301915.689040024
Terry Short,217,1950-10-30,1980-10-30,Mayo Clinic Alix School of Medicine,303617.698016721
Patricia Stewart,218,1950-02-25,1980-02-25,David Geffen School of Medicine at UCLA,288167.344587644
Robert Davis,219,1985-08-18,2015-08-18,Yale School of Medicine,287181.431231768
Joy Yoder,220,1973-11-13,2003-11-13,Stanford University School of Medicine,278376.287431907
Julie Walker,221,1972-04-25,2002-04-25,Harvard Medical School,314516.769517257
Destiny Lloyd,222,1955-10-27,1985-10-27,Columbia University Vagelos College of Physicians and Surgeons,324155.780243428
Karen Smith,223,1981-06-06,2011-06-06,Stanford University School of Medicine,263430.824323916
Mary Mahoney,224,1993-02-09,2023-02-09,"University of California, San Francisco School of Medicine",298451.145831232
Kathy Smith,225,1968-08-23,1998-08-23,"University of California, San Francisco School of Medicine",305897.462204632
Kathryn Johnson,226,1962-08-27,1992-08-27,David Geffen School of Medicine at UCLA,305513.134038691
Chad Peterson,227,1991-03-01,2021-03-01,Washington University in St. Louis School of Medicine,305003.088587896
April Bailey,228,1987-04-20,2017-04-20,Johns Hopkins University School of Medicine,287938.955689643
Alisha Figueroa,229,1964-01-14,1994-01-14,Washington University in St. Louis School of Medicine,308370.912763876
Julia Hoffman,230,1964-01-10,1994-01-10,University of Michigan Medical School,318540.861329509
Virginia Robinson,231,1966-01-27,1996-01-27,Yale School of Medicine,304231.099674677
Dennis Edwards,232,1954-03-12,1984-03-12,Baylor College of Medicine,315178.195096012
William Hart,233,1972-05-17,2002-05-17,University of Chicago Pritzker School of Medicine,329710.602331125
Karen Klein,234,1971-01-04,2001-01-04,Washington University in St. Louis School of Medicine,244471.789263142
Ashley Jackson,235,1968-11-04,1998-11-04,University of Texas Southwestern Medical School,328303.915255961
Danielle Herring,236,1955-03-22,1985-03-22,University of Chicago Pritzker School of Medicine,310272.832956638
Frederick Ellis,237,1958-06-14,1988-06-14,Yale School of Medicine,266651.240167838
Thomas Middleton,238,1986-12-21,2016-12-21,University of Chicago Pritzker School of Medicine,324074.126469591
Michael Robinson,239,1972-04-27,2002-04-27,Columbia University Vagelos College of Physicians and Surgeons,288050.372819281
David Foster,240,1965-09-29,1995-09-29,Harvard Medical School,292141.006910443
Samantha Mendez,241,1984-12-20,2014-12-20,Columbia University Vagelos College of Physicians and Surgeons,284769.60652603
Isabel Mason,242,1978-02-10,2008-02-10,University of Chicago Pritzker School of Medicine,309071.965327147
Leah Meadows,243,1952-11-28,1982-11-28,Stanford University School of Medicine,276439.405724638
Rebecca Hernandez,244,1967-01-21,1997-01-21,"University of California, San Francisco School of Medicine",327044.238898434
Victor Dean,245,1991-06-22,2021-06-22,University of Chicago Pritzker School of Medicine,295834.12238416
Miranda Meza,246,1962-09-07,1992-09-07,Columbia University Vagelos College of Physicians and Surgeons,289073.925495362
Toni Caldwell,247,1967-03-21,1997-03-21,NYU Grossman Medical School,322586.270328419
Joseph Gonzales,248,1959-11-06,1989-11-06,Yale School of Medicine,290413.297130428
Tammy Hart,249,1981-06-02,2011-06-02,Stanford University School of Medicine,328445.304760869
Vicki Thornton,250,1966-11-21,1996-11-21,Columbia University Vagelos College of Physicians and Surgeons,329387.788525226
William Soto,251,1976-10-26,2006-10-26,Washington University in St. Louis School of Medicine,259955.884853431
Michael Bennett,252,1970-09-14,2000-09-14,Mayo Clinic Alix School of Medicine,333277.806066688
Joshua Brewer,253,1972-08-11,2002-08-11,David Geffen School of Medicine at UCLA,256138.920854943
Debra Crawford,254,1967-06-12,1997-06-12,Johns Hopkins University School of Medicine,335147.415806475
Natalie Mitchell,255,1989-05-05,2019-05-05,Baylor College of Medicine,360850.715766907
Timothy Riley,256,1985-05-07,2015-05-07,Columbia University Vagelos College of Physicians and Surgeons,326245.033148074
Kyle Campbell,257,1971-10-01,2001-10-01,University of Texas Southwestern Medical School,235290.58065901
Joseph Santiago,258,1983-05-27,2013-05-27,Johns Hopkins University School of Medicine,331906.971581581
Christine Perkins,259,1993-01-23,2023-01-23,Yale School of Medicine,367383.86897808
Kristine Watson,260,1968-06-13,1998-06-13,NYU Grossman Medical School,290909.050770059
Isaac Walker,261,1993-07-27,2023-07-27,Perelman School of Medicine (University of Pennsylvania),298958.900399103
Sean Williams,262,1956-10-08,1986-10-08,Columbia University Vagelos College of Physicians and Surgeons,264345.398342207
Elizabeth Meyer,263,1992-12-05,2022-12-05,Mayo Clinic Alix School of Medicine,309362.38256459
John Henderson,264,1954-10-28,1984-10-28,Johns Hopkins University School of Medicine,338075.315476294
Tara Harris,265,1977-11-02,2007-11-02,Baylor College of Medicine,320932.113844484
Michael Delgado,266,1978-11-24,2008-11-24,University of Chicago Pritzker School of Medicine,394259.009318634
Michael Watson,267,1989-02-02,2019-02-02,Columbia University Vagelos College of Physicians and Surgeons,300990.811288974
Michael Gibbs,268,1960-06-09,1990-06-09,Harvard Medical School,251079.798977542
Angela Stein,269,1954-05-25,1984-05-25,NYU Grossman Medical School,305129.129147047
James Cooper,270,1965-05-24,1995-05-24,Yale School of Medicine,227506.447043625
Jennifer Quinn,271,1968-07-12,1998-07-12,David Geffen School of Medicine at UCLA,284006.882254065
Lance Gonzalez,272,1981-10-18,2011-10-18,Mayo Clinic Alix School of Medicine,348731.461758006
Jamie Wiley,273,1978-12-29,2008-12-29,University of Michigan Medical School,309754.009458953
Jeremy Arnold,274,1988-02-09,2018-02-09,University of Michigan Medical School,305382.504384938
Valerie Smith,275,1985-09-20,2015-09-20,University of Texas Southwestern Medical School,354623.411301461
Katherine Jones,276,1957-02-03,1987-02-03,Johns Hopkins University School of Medicine,291882.003250099
Steven Watson,277,1961-11-03,1991-11-03,Mayo Clinic Alix School of Medicine,337854.612388023
Daniel Martinez,278,1979-07-15,2009-07-15,Stanford University School of Medicine,303879.20925499
Julia Lam,279,1974-12-12,2004-12-12,Baylor College of Medicine,311401.423903771
Willie Gutierrez,280,1964-08-17,1994-08-17,David Geffen School of Medicine at UCLA,263480.85432411
Stephen Johnson,281,1994-11-15,2024-11-15,University of Chicago Pritzker School of Medicine,285538.596155154
Timothy Gibson,282,1973-09-16,2003-09-16,Columbia University Vagelos College of Physicians and Surgeons,258074.453014684
Edgar Harris,283,1988-06-13,2018-06-13,Columbia University Vagelos College of Physicians and Surgeons,297142.64765324
Erin Ramirez,284,1974-03-13,2004-03-13,University of Michigan Medical School,311712.070317488
Robert Haynes,285,1950-04-28,1980-04-28,Columbia University Vagelos College of Physicians and Surgeons,266698.856847256
Anthony Miller,286,1988-02-08,2018-02-08,Yale School of Medicine,361475.367680545
Ryan Craig,287,1989-03-06,2019-03-06,David Geffen School of Medicine at UCLA,308343.180572759
Austin Alvarado,288,1986-03-27,2016-03-27,Harvard Medical School,301733.867567557
Sheri Howard,289,1965-03-23,1995-03-23,Perelman School of Medicine (University of Pennsylvania),323089.732540369
Ashley Le,290,1952-04-26,1982-04-26,University of Texas Southwestern Medical School,275132.157574022
Antonio Stark,291,1979-12-29,2009-12-29,"University of California, San Francisco School of Medicine",304904.324375024
Brandy Anderson,292,1987-07-09,2017-07-09,Washington University in St. Louis School of Medicine,278494.013389272
Jonathan Obrien DDS,293,1992-02-15,2022-02-15,University of Texas Southwestern Medical School,346760.39730267
Adrienne Johnson,294,1987-08-21,2017-08-21,Johns Hopkins University School of Medicine,268240.819518088
David Carter,295,1967-09-18,1997-09-18,Harvard Medical School,301894.963779215
Amber Parker MD,296,1975-07-22,2005-07-22,University of Texas Southwestern Medical School,309879.473554553
Amanda Rogers,297,1985-02-05,2015-02-05,University of Chicago Pritzker School of Medicine,311844.772332231
John Williams,298,1961-07-10,1991-07-10,University of Michigan Medical School,282562.944807515
Anthony Lowery,299,1967-03-16,1997-03-16,NYU Grossman Medical School,273134.717935647
Vicki Foster,300,1955-08-11,1985-08-11,Johns Hopkins University School of Medicine,282996.144808617
Mr. Adrian Pittman II,301,1967-01-25,1997-01-25,Columbia University Vagelos College of Physicians and Surgeons,315849.763026308
Mark Martin,302,1985-06-07,2015-06-07,Mayo Clinic Alix School of Medicine,295684.626872641
Matthew Ward,303,1984-07-08,2014-07-08,University of Chicago Pritzker School of Medicine,323886.264253576
James Jackson,304,1976-09-26,2006-09-26,Johns Hopkins University School of Medicine,314310.111581852
Barbara Warner,305,1955-01-03,1985-01-03,NYU Grossman Medical School,231692.619057012
Lacey Gomez,306,1955-04-02,1985-04-02,Baylor College of Medicine,307424.933905116
Jamie Marks,307,1969-02-18,1999-02-18,Columbia University Vagelos College of Physicians and Surgeons,367513.643034488
Melissa Brown,308,1989-12-16,2019-12-16,University of Texas Southwestern Medical School,339758.07153115
Leah Meadows,309,1985-07-13,2015-07-13,University of Texas Southwestern Medical School,312660.394821209
Ryan Kirk,310,1950-01-10,1980-01-10,Johns Hopkins University School of Medicine,268218.236085902
Paula Hall,311,1977-01-04,2007-01-04,Mayo Clinic Alix School of Medicine,314326.611483769
Krystal Webb,312,1956-01-29,1986-01-29,Baylor College of Medicine,322192.498196348
Mark Nichols,313,1969-04-12,1999-04-12,Columbia University Vagelos College of Physicians and Surgeons,292387.599575172
Michael Hodges,314,1964-06-23,1994-06-23,NYU Grossman Medical School,309502.261764133
Michelle Williams,315,1954-06-08,1984-06-08,Perelman School of Medicine (University of Pennsylvania),345289.873751881
Cody Olson,316,1973-04-22,2003-04-22,University of Texas Southwestern Medical School,274281.767407748
Veronica Moore,317,1953-09-04,1983-09-04,NYU Grossman Medical School,268251.011851226
Ryan Thomas,318,1978-12-08,2008-12-08,Harvard Medical School,320780.979779826
Daniel Morgan II,319,1988-12-18,2018-12-18,University of Texas Southwestern Medical School,313726.279085942
Carol Sanchez,320,1959-07-23,1989-07-23,NYU Grossman Medical School,330865.148862384
Carolyn Clark,321,1975-06-29,2005-06-29,Stanford University School of Medicine,317093.814357113
Cheryl Smith,322,1971-11-11,2001-11-11,University of Michigan Medical School,282967.348104774
Teresa Brown,323,1983-06-16,2013-06-16,Washington University in St. Louis School of Medicine,312965.779543962
Matthew Wyatt,324,1950-08-24,1980-08-24,David Geffen School of Medicine at UCLA,265736.203701115
William Mclaughlin,325,1977-10-27,2007-10-27,University of Michigan Medical School,292490.43864801
Mary Owens,326,1955-03-24,1985-03-24,Yale School of Medicine,315083.976928992
Christine Rogers,327,1973-06-16,2003-06-16,Washington University in St. Louis School of Medicine,289184.573498283
Greg Clark,328,1959-09-01,1989-09-01,University of Chicago Pritzker School of Medicine,374041.565466895
Dorothy Palmer,329,1964-05-23,1994-05-23,NYU Grossman Medical School,243234.47253529
Luis Powell MD,330,1972-05-07,2002-05-07,Washington University in St. Louis School of Medicine,283575.289290036
Teresa Scott,331,1964-10-29,1994-10-29,Yale School of Medicine,271866.604983903
Erin Oliver,332,1959-04-15,1989-04-15,Columbia University Vagelos College of Physicians and Surgeons,278989.535776261
Mark Woods,333,1980-07-19,2010-07-19,Perelman School of Medicine (University of Pennsylvania),280710.053295574
Nicole Holland,334,1966-04-18,1996-04-18,Stanford University School of Medicine,260207.37939423
Wesley Davidson,335,1971-12-04,2001-12-04,Harvard Medical School,322581.064457179
Tanya Mccarty,336,1974-10-26,2004-10-26,NYU Grossman Medical School,283587.141078387
Gary Swanson,337,1992-07-03,2022-07-03,Harvard Medical School,304907.20006766
Brittany Harris,338,1950-03-19,1980-03-19,Mayo Clinic Alix School of Medicine,286955.227142693
Kenneth Glass,339,1970-09-30,2000-09-30,University of Texas Southwestern Medical School,279273.587631414
Jacqueline Johnson,340,1988-06-30,2018-06-30,NYU Grossman Medical School,350168.377082606
Jason Martinez,341,1978-11-05,2008-11-05,David Geffen School of Medicine at UCLA,327687.965466282
Anthony Phillips,342,1976-01-15,2006-01-15,NYU Grossman Medical School,243953.988001346
Abigail Cummings,343,1969-01-04,1999-01-04,Johns Hopkins University School of Medicine,240775.876549923
Christina Miller,344,1982-09-24,2012-09-24,Perelman School of Medicine (University of Pennsylvania),331278.265069095
Lisa Anderson,345,1971-05-15,2001-05-15,Johns Hopkins University School of Medicine,284404.398253537
Jessica Wallace,346,1967-12-23,1997-12-23,NYU Grossman Medical School,250527.529981973
Kathy Watkins,347,1966-05-21,1996-05-21,Stanford University School of Medicine,331372.05397621
Jeffrey Williams,348,1962-10-15,1992-10-15,Washington University in St. Louis School of Medicine,305073.721502973
Lindsay Martinez,349,1975-02-23,2005-02-23,Harvard Medical School,307547.13254497
Kevin Hodges,350,1956-01-02,1986-01-02,Stanford University School of Medicine,324286.178160177
Robert Clements,351,1953-06-02,1983-06-02,NYU Grossman Medical School,260700.685251528
Samuel Martinez,352,1980-10-16,2010-10-16,Yale School of Medicine,251054.975358475
Amy Rios,353,1985-01-07,2015-01-07,Washington University in St. Louis School of Medicine,347428.628847096
Joanne Hernandez,354,1960-02-05,1990-02-05,Yale School of Medicine,256884.997177731
Nathan Parker,355,1961-01-01,1991-01-01,Harvard Medical School,263332.866087733
James Sparks,356,1980-12-11,2010-12-11,Washington University in St. Louis School of Medicine,269326.938613627
Jennifer Johnson,357,1955-05-25,1985-05-25,David Geffen School of Medicine at UCLA,362398.377710716
Ashley Goodwin,358,1972-12-20,2002-12-20,Perelman School of Medicine (University of Pennsylvania),314801.499012346
Shannon Lam,359,1992-02-04,2022-02-04,University of Michigan Medical School,328962.239233061
Chase Mcpherson Jr.,360,1965-11-06,1995-11-06,Baylor College of Medicine,305885.026367362
Matthew Nelson,361,1964-10-22,1994-10-22,University of Chicago Pritzker School of Medicine,281943.383663963
Dawn Haley,362,1975-11-12,2005-11-12,Stanford University School of Medicine,318938.738497805
Karl Bruce,363,1952-07-11,1982-07-11,University of Texas Southwestern Medical School,253301.520876096
Molly Dean,364,1951-02-24,1981-02-24,Stanford University School of Medicine,267141.496437105
Michael Harris,365,1979-07-17,2009-07-17,Baylor College of Medicine,321989.255377844
Miss Valerie George,366,1953-01-25,1983-01-25,University of Michigan Medical School,259282.343075197
Chelsey Davis,367,1980-10-30,2010-10-30,"University of California, San Francisco School of Medicine",294327.555925144
Scott Rivera,368,1956-05-25,1986-05-25,Columbia University Vagelos College of Physicians and Surgeons,295694.629669338
Andrew Miller,369,1964-09-17,1994-09-17,David Geffen School of Medicine at UCLA,284140.139899885
David Perez,370,1956-02-22,1986-02-22,Yale School of Medicine,241466.445754534
Louis Chambers,371,1962-08-18,1992-08-18,NYU Grossman Medical School,281132.133264339
Richard Richmond,372,1988-03-08,2018-03-08,David Geffen School of Medicine at UCLA,275250.948692025
Elaine Page DVM,373,1980-05-27,2010-05-27,Baylor College of Medicine,304843.195898631
Laura Brown,374,1986-10-08,2016-10-08,NYU Grossman Medical School,303314.716160984
Michael Berger,375,1967-06-12,1997-06-12,University of Texas Southwestern Medical School,311338.843798106
Gabriela Garcia,376,1967-05-31,1997-05-31,Johns Hopkins University School of Medicine,279720.411810768
Dustin Griffin,377,1971-07-13,2001-07-13,Washington University in St. Louis School of Medicine,315683.338513977
Jo Beard,378,1958-11-03,1988-11-03,Columbia University Vagelos College of Physicians and Surgeons,253319.79801679
Jennifer Murray,379,1989-05-18,2019-05-18,Perelman School of Medicine (University of Pennsylvania),245342.858020429
Christopher Murphy,380,1957-12-01,1987-12-01,Perelman School of Medicine (University of Pennsylvania),229932.818275001
Nicole King,381,1960-04-14,1990-04-14,Baylor College of Medicine,285021.08281284
Alex Anderson,382,1993-03-06,2023-03-06,David Geffen School of Medicine at UCLA,277401.053269843
Robert Thomas,383,1957-04-28,1987-04-28,Perelman School of Medicine (University of Pennsylvania),323679.468355638
Antonio Campbell,384,1968-11-20,1998-11-20,University of Texas Southwestern Medical School,280540.122388534
Jennifer Evans,385,1977-10-13,2007-10-13,Yale School of Medicine,308201.290438328
Emily Anderson DDS,386,1952-03-04,1982-03-04,"University of California, San Francisco School of Medicine",324398.897297492
Jessica Matthews,387,1955-10-18,1985-10-18,Stanford University School of Medicine,279410.427730527
Steven Henry,388,1965-10-28,1995-10-28,Mayo Clinic Alix School of Medicine,308941.566303215
Jonathan Baker,389,1983-09-03,2013-09-03,University of Texas Southwestern Medical School,330057.826468656
Alyssa Watts,390,1988-10-01,2018-10-01,NYU Grossman Medical School,262855.116755833
Edgar Harris,391,1980-06-03,2010-06-03,University of Chicago Pritzker School of Medicine,300745.570147339
Rebecca Hernandez,392,1979-07-17,2009-07-17,Baylor College of Medicine,279538.968504021
Nicole Keith,393,1981-03-16,2011-03-16,Johns Hopkins University School of Medicine,264765.303525206
Brent Brewer,394,1985-08-04,2015-08-04,Washington University in St. Louis School of Medicine,253906.447785293
Aaron Johnson,395,1952-03-25,1982-03-25,University of Chicago Pritzker School of Medicine,264280.542834639
Linda Johnson,396,1978-11-11,2008-11-11,Washington University in St. Louis School of Medicine,301800.87017256
Amy Daniels,397,1956-09-09,1986-09-09,Harvard Medical School,251674.666333148
Shaun Little,398,1978-08-19,2008-08-19,University of Chicago Pritzker School of Medicine,283478.189277341
Richard Garcia,399,1978-06-03,2008-06-03,Mayo Clinic Alix School of Medicine,324395.832205587
Michael Morales,400,1971-04-24,2001-04-24,David Geffen School of Medicine at UCLA,313470.328902568
Amanda James,401,1981-05-31,2011-05-31,"University of California, San Francisco School of Medicine",284084.771311855
Robin Rose,402,1991-12-20,2021-12-20,Stanford University School of Medicine,350690.712400762
Brittany Harris,403,1952-04-07,1982-04-07,Stanford University School of Medicine,356791.09241735
Monique Hall,404,1969-07-27,1999-07-27,"University of California, San Francisco School of Medicine",300783.672946192
Christopher Webster,405,1962-03-10,1992-03-10,Yale School of Medicine,225943.712523471
Logan Hansen,406,1992-01-04,2022-01-04,Columbia University Vagelos College of Physicians and Surgeons,326593.445910488
Donna Williams,407,1987-05-02,2017-05-02,Harvard Medical School,231180.709798992
Mr. Andrew Keller,408,1966-04-26,1996-04-26,Washington University in St. Louis School of Medicine,344284.383321602
Lori Jackson,409,1950-05-07,1980-05-07,Mayo Clinic Alix School of Medicine,332507.547022269
Richard Aguilar,410,1974-01-30,2004-01-30,Perelman School of Medicine (University of Pennsylvania),353226.375124141
Mario Kelly II,411,1981-11-15,2011-11-15,University of Chicago Pritzker School of Medicine,307807.966751032
Christina Anderson,412,1969-09-14,1999-09-14,Harvard Medical School,289158.426984545
Tina Wall,413,1981-08-25,2011-08-25,University of Texas Southwestern Medical School,286496.965989293
James Allen,414,1959-03-23,1989-03-23,Baylor College of Medicine,283612.194869073
Heidi Melton,415,1960-05-25,1990-05-25,University of Chicago Pritzker School of Medicine,329432.059610241
Andre Johnson,416,1991-05-20,2021-05-20,Mayo Clinic Alix School of Medicine,321368.144685176
Gary Baldwin,417,1987-07-24,2017-07-24,Johns Hopkins University School of Medicine,303606.769003026
Matthew Perez,418,1954-11-28,1984-11-28,Johns Hopkins University School of Medicine,278334.560762191
Jasmine Perkins,419,1980-04-06,2010-04-06,NYU Grossman Medical School,378876.378939008
Laura Hamilton,420,1959-07-09,1989-07-09,Harvard Medical School,327371.238418886
Kathleen Mitchell,421,1959-05-11,1989-05-11,David Geffen School of Medicine at UCLA,252068.642406798
Sandra Porter,422,1954-07-04,1984-07-04,Mayo Clinic Alix School of Medicine,284512.319521886
Cristina Ortega,423,1990-05-26,2020-05-26,Mayo Clinic Alix School of Medicine,327953.282922261
Kelly Massey,424,1958-05-31,1988-05-31,"University of California, San Francisco School of Medicine",276013.832363019
Renee Young,425,1955-01-29,1985-01-29,University of Texas Southwestern Medical School,310546.438764777
Vicki Foster,426,1962-10-07,1992-10-07,David Geffen School of Medicine at UCLA,328523.889010084
Jason Johnston,427,1967-11-02,1997-11-02,University of Texas Southwestern Medical School,198347.157520308
Alexis Nolan,428,1957-06-01,1987-06-01,Yale School of Medicine,296758.869006322
Brittany Mullen,429,1982-01-07,2012-01-07,Washington University in St. Louis School of Medicine,297936.274606954
Megan Guzman,430,1976-01-29,2006-01-29,Washington University in St. Louis School of Medicine,287637.826329486
Aaron Graves,431,1967-09-05,1997-09-05,Perelman School of Medicine (University of Pennsylvania),309050.854048381
Robert Schmidt,432,1961-07-14,1991-07-14,NYU Grossman Medical School,319725.588224876
Stephanie Ward,433,1986-03-17,2016-03-17,Stanford University School of Medicine,304261.528329738
Sara Lopez,434,1971-10-28,2001-10-28,Johns Hopkins University School of Medicine,288785.178178517
Miranda Hunt,435,1954-06-14,1984-06-14,Baylor College of Medicine,318978.638993528
Pamela Hendrix,436,1978-03-29,2008-03-29,Washington University in St. Louis School of Medicine,301471.602278231
Nathan Davis,437,1971-10-31,2001-10-31,David Geffen School of Medicine at UCLA,293078.987604136
Rhonda Wall,438,1973-06-26,2003-06-26,Mayo Clinic Alix School of Medicine,260631.618439832
Amy Payne,439,1972-02-05,2002-02-05,Baylor College of Medicine,253120.356442018
Jared Diaz,440,1973-09-23,2003-09-23,University of Michigan Medical School,260063.106218578
Ashley Torres,441,1959-11-10,1989-11-10,University of Texas Southwestern Medical School,308349.871836607
Joseph Jackson,442,1968-07-28,1998-07-28,Washington University in St. Louis School of Medicine,297627.637571809
Julie Long,443,1986-03-19,2016-03-19,Mayo Clinic Alix School of Medicine,255591.477053776
Ryan Gutierrez,444,1975-01-16,2005-01-16,Washington University in St. Louis School of Medicine,319377.534773814
Nathan Smith,445,1963-08-12,1993-08-12,Johns Hopkins University School of Medicine,341229.285395373
Amy Bryant,446,1986-12-08,2016-12-08,University of Michigan Medical School,282045.19149851
Joshua Guerrero,447,1985-06-17,2015-06-17,University of Chicago Pritzker School of Medicine,247770.544278949
Geoffrey Jacobson,448,1983-09-17,2013-09-17,Washington University in St. Louis School of Medicine,278726.208452943
Alyssa Thomas,449,1955-06-14,1985-06-14,Yale School of Medicine,325633.818803841
Lisa Wallace,450,1964-07-05,1994-07-05,David Geffen School of Medicine at UCLA,316455.895756043
Gerald Green,451,1985-08-02,2015-08-02,Washington University in St. Louis School of Medicine,272327.019419656
Christopher Esparza,452,1986-11-20,2016-11-20,Stanford University School of Medicine,345635.164132942
Rhonda Wolf,453,1961-12-29,1991-12-29,Baylor College of Medicine,340448.401977792
Hannah Roberts,454,1963-01-10,1993-01-10,Baylor College of Medicine,278009.818101701
Ashley Young,455,1978-06-18,2008-06-18,Johns Hopkins University School of Medicine,277701.299911051
Tasha Griffin,456,1994-06-20,2024-06-20,David Geffen School of Medicine at UCLA,282215.161878615
Mary Medina,457,1965-04-20,1995-04-20,University of Michigan Medical School,284780.016738344
Taylor Williams PhD,458,1963-07-16,1993-07-16,Yale School of Medicine,328516.140237853
Trevor Cook,459,1986-09-04,2016-09-04,"University of California, San Francisco School of Medicine",312759.871814298
Marissa Shepherd,460,1961-08-14,1991-08-14,David Geffen School of Medicine at UCLA,326312.363080518
Thomas Harrell,461,1977-02-24,2007-02-24,Baylor College of Medicine,320206.954295601
Marc Romero,462,1977-05-03,2007-05-03,Stanford University School of Medicine,351435.812045812
David Fisher,463,1954-10-26,1984-10-26,University of Chicago Pritzker School of Medicine,268218.433685726
Ronald Chen,464,1975-02-20,2005-02-20,Johns Hopkins University School of Medicine,311410.755911518
Christie Kelly,465,1956-10-18,1986-10-18,"University of California, San Francisco School of Medicine",234785.362312959
Paige Morris,466,1952-08-09,1982-08-09,Stanford University School of Medicine,260491.332777094
Timothy Wilson,467,1955-09-11,1985-09-11,University of Michigan Medical School,297754.398421955
Bryan Smith,468,1957-06-10,1987-06-10,University of Texas Southwestern Medical School,312546.198382636
James Brown,469,1976-07-15,2006-07-15,University of Michigan Medical School,296945.527739113
Alexander Jimenez,470,1970-01-07,2000-01-07,Stanford University School of Medicine,282984.22743562
Vickie Collins,471,1952-02-08,1982-02-08,University of Texas Southwestern Medical School,288317.463675209
Ryan Jarvis,472,1965-01-12,1995-01-12,Harvard Medical School,341083.229292723
Alexander Rodriguez,473,1992-07-13,2022-07-13,Johns Hopkins University School of Medicine,288479.034663596
George Lee,474,1968-03-12,1998-03-12,David Geffen School of Medicine at UCLA,352477.248661306
Renee Brown,475,1964-04-29,1994-04-29,University of Texas Southwestern Medical School,323820.512206234
Terry Chan,476,1981-06-12,2011-06-12,NYU Grossman Medical School,313726.120384447
Ivan Doyle,477,1965-11-15,1995-11-15,University of Texas Southwestern Medical School,264192.09269037
Drew Sanchez,478,1983-10-17,2013-10-17,Mayo Clinic Alix School of Medicine,328057.144841989
Richard Carter,479,1972-01-04,2002-01-04,University of Chicago Pritzker School of Medicine,285186.882667545
Daniel Mack,480,1993-10-24,2023-10-24,Mayo Clinic Alix School of Medicine,264166.807259829
Larry Campbell,481,1985-10-31,2015-10-31,David Geffen School of Medicine at UCLA,315385.308392381
Jennifer Roberts,482,1963-05-06,1993-05-06,David Geffen School of Medicine at UCLA,258361.618183004
Alan Johnson,483,1954-01-21,1984-01-21,Johns Hopkins University School of Medicine,277132.756136113
Victoria Chavez,484,1977-08-20,2007-08-20,David Geffen School of Medicine at UCLA,299696.522655933
Kevin Walls,485,1989-06-27,2019-06-27,Baylor College of Medicine,366552.642723442
Janet Williams,486,1970-12-05,2000-12-05,University of Texas Southwestern Medical School,279392.527326225
Carla Dougherty,487,1993-01-03,2023-01-03,University of Texas Southwestern Medical School,286253.504420983
Sara Newman,488,1980-11-10,2010-11-10,Harvard Medical School,321970.351632649
Shelby Mathews,489,1984-07-01,2014-07-01,"University of California, San Francisco School of Medicine",262851.129348719
Shawn Bryant,490,1980-02-11,2010-02-11,David Geffen School of Medicine at UCLA,313284.191430628
Heather Fisher,491,1989-02-20,2019-02-20,Mayo Clinic Alix School of Medicine,336177.804228498
Shelley Cobb,492,1979-04-01,2009-04-01,David Geffen School of Medicine at UCLA,290787.153458667
Amy Watson,493,1994-11-06,2024-11-06,University of Michigan Medical School,330784.628441906
Eric Patton,494,1973-04-29,2003-04-29,Harvard Medical School,308743.497696354
James Johnson,495,1959-01-14,1989-01-14,Baylor College of Medicine,278079.541085887
Andrew Wallace,496,1968-05-28,1998-05-28,Baylor College of Medicine,294065.859423105
Phillip Weaver,497,1969-10-06,1999-10-06,Washington University in St. Louis School of Medicine,288607.279800593
Craig Brooks,498,1958-05-13,1988-05-13,University of Texas Southwestern Medical School,297370.852265506
Bernard Miller,499,1987-03-03,2017-03-03,Baylor College of Medicine,304581.536976595
